{"cameraMode":{"drawMode":0,"name":"Shaded","section":"Shading Mode"},"sceneLighting":false,"audioPlay":false,"sceneViewState":{"m_AlwaysRefresh":false,"showFog":true,"showSkybox":false,"showFlares":true,"showImageEffects":true,"showParticleSystems":true,"showVisualEffectGraphs":true,"m_FxEnabled":true},"in2DMode":false,"pivot":{"x":11.024688720703125,"y":6.5933122634887699,"z":-10.390350341796875},"rotation":{"x":0.13276024162769319,"y":0.24539317190647126,"z":-0.032919637858867648,"w":0.9604649543762207},"size":11.859274864196778,"orthographic":false}