{"cameraMode":{"drawMode":0,"name":"Shaded","section":"Shading Mode"},"sceneLighting":true,"audioPlay":false,"sceneViewState":{"m_AlwaysRefresh":false,"showFog":true,"showSkybox":true,"showFlares":true,"showImageEffects":true,"showParticleSystems":true,"showVisualEffectGraphs":true,"m_FxEnabled":true},"in2DMode":false,"pivot":{"x":-261.53973388671877,"y":97.90030670166016,"z":-347.55413818359377},"rotation":{"x":0.005801220890134573,"y":-0.9643122553825378,"z":0.26600757241249087,"w":0.027481231838464738},"size":7.560583591461182,"orthographic":false}