{"cameraMode":{"drawMode":0,"name":"Shaded","section":"Shading Mode"},"sceneLighting":false,"audioPlay":false,"sceneViewState":{"m_AlwaysRefresh":false,"showFog":true,"showSkybox":false,"showFlares":true,"showImageEffects":true,"showParticleSystems":true,"showVisualEffectGraphs":true,"m_FxEnabled":true},"in2DMode":false,"pivot":{"x":-19.94953155517578,"y":0.325350821018219,"z":3.1402883529663088},"rotation":{"x":0.13276024162769319,"y":0.24539317190647126,"z":-0.032919637858867648,"w":0.9604649543762207},"size":0.7402410507202148,"orthographic":false}