{"cameraMode":{"drawMode":0,"name":"Shaded","section":"Shading Mode"},"sceneLighting":false,"audioPlay":false,"sceneViewState":{"m_AlwaysRefresh":false,"showFog":true,"showSkybox":false,"showFlares":true,"showImageEffects":true,"showParticleSystems":true,"showVisualEffectGraphs":true,"m_FxEnabled":true},"in2DMode":false,"pivot":{"x":173.04989624023438,"y":-0.0730077251791954,"z":62.40302276611328},"rotation":{"x":-0.017684735357761384,"y":-0.751855731010437,"z":-0.019592322409152986,"w":0.6589567065238953},"size":0.30683425068855288,"orthographic":false}