{"cameraMode":{"drawMode":0,"name":"Shaded","section":"Shading Mode"},"sceneLighting":false,"audioPlay":false,"sceneViewState":{"m_AlwaysRefresh":false,"showFog":true,"showSkybox":false,"showFlares":true,"showImageEffects":true,"showParticleSystems":true,"showVisualEffectGraphs":true,"m_FxEnabled":true},"in2DMode":false,"pivot":{"x":-11.971092224121094,"y":0.030476808547973634,"z":46.859703063964847},"rotation":{"x":0.12709669768810273,"y":0.27541038393974306,"z":-0.035721149295568469,"w":0.9529637694358826},"size":0.13167493045330048,"orthographic":false}