{"cameraMode":{"drawMode":0,"name":"Shaded","section":"Shading Mode"},"sceneLighting":false,"audioPlay":false,"sceneViewState":{"m_AlwaysRefresh":false,"showFog":true,"showSkybox":false,"showFlares":true,"showImageEffects":true,"showParticleSystems":true,"showVisualEffectGraphs":true,"m_FxEnabled":true},"in2DMode":false,"pivot":{"x":-7.559473991394043,"y":4.664111614227295,"z":-1.0846598148345948},"rotation":{"x":0.13276024162769319,"y":0.24539317190647126,"z":-0.032919637858867648,"w":0.9604649543762207},"size":5.998298168182373,"orthographic":false}